{"cameraMode":{"drawMode":0,"name":"Shaded","section":"Shading Mode"},"sceneLighting":true,"audioPlay":false,"sceneViewState":{"m_AlwaysRefresh":false,"showFog":true,"showSkybox":true,"showFlares":true,"showImageEffects":true,"showParticleSystems":true,"showVisualEffectGraphs":true,"m_FxEnabled":true},"in2DMode":false,"pivot":{"x":3.1996660232543947,"y":5.534310340881348,"z":-10.301983833312989},"rotation":{"x":-0.12390550971031189,"y":0.09569667279720307,"z":-0.012006307020783425,"w":-0.9875949621200562},"size":0.8439760208129883,"orthographic":false}